{
  "folds": [
    {
      "scene": "hyang",
      "sp8": 6.4396514892578125,
      "n": {
        "all": 81717,
        "decision": 22837,
        "straight": 40859
      },
      "y_fut:terrain": {
        "all": 0.25114833960115396,
        "decision": -0.47138339291261167,
        "straight": 0.679751993302233
      },
      "y_fut:blind": {
        "all": 0.3981999557011307,
        "decision": -0.0031106880950693876,
        "straight": 0.7034079734383796
      },
      "y_fut:gauss": {
        "all": 4.945642471313477,
        "decision": 5.536724090576172,
        "straight": 4.589624881744385
      },
      "y_resid:terrain": {
        "all": 0.25088986430015325,
        "decision": 0.17157642239054754,
        "straight": 0.35527519540332303
      },
      "y_resid:blind": {
        "all": 0.08045504783681627,
        "decision": -0.1295908890208153,
        "straight": 0.24560584742818864
      },
      "y_resid:gauss": {
        "all": 5.529043674468994,
        "decision": 7.078527450561523,
        "straight": 4.5904541015625
      }
    },
    {
      "scene": "little",
      "sp8": 6.172999382019043,
      "n": {
        "all": 9400,
        "decision": 2351,
        "straight": 4700
      },
      "y_fut:terrain": {
        "all": 0.5867152502181682,
        "decision": 0.04337860603932876,
        "straight": 0.46459753807554854
      },
      "y_fut:blind": {
        "all": 0.5780759251371343,
        "decision": 0.059279503897371216,
        "straight": 0.4994859476292387
      },
      "y_fut:gauss": {
        "all": 4.797904014587402,
        "decision": 5.17138147354126,
        "straight": 4.527369976043701
      },
      "y_resid:terrain": {
        "all": 0.2228320215103474,
        "decision": -0.043314969879371064,
        "straight": 0.04996698907081117
      },
      "y_resid:blind": {
        "all": 0.18227375274008892,
        "decision": -0.10504269001586343,
        "straight": 0.06862901241221327
      },
      "y_resid:gauss": {
        "all": 5.221737384796143,
        "decision": 6.761409282684326,
        "straight": 4.5893168449401855
      }
    },
    {
      "scene": "quad",
      "sp8": 6.410923004150391,
      "n": {
        "all": 803,
        "decision": 361,
        "straight": 407
      },
      "y_fut:terrain": {
        "all": 0.5879181402261052,
        "decision": 1.5833336151207582,
        "straight": -0.12445096477536663
      },
      "y_fut:blind": {
        "all": 1.9330452696917808,
        "decision": 4.6169741305618075,
        "straight": -0.15007551413496237
      },
      "y_fut:gauss": {
        "all": 7.621841907501221,
        "decision": 11.478107452392578,
        "straight": 4.4286699295043945
      },
      "y_resid:terrain": {
        "all": 0.18811962464975093,
        "decision": 1.190761069511773,
        "straight": -0.5186559878637516
      },
      "y_resid:blind": {
        "all": 1.8870727995115972,
        "decision": 4.794248290339335,
        "straight": -0.3981449211551751
      },
      "y_resid:gauss": {
        "all": 8.656648635864258,
        "decision": 13.132320404052734,
        "straight": 4.91412353515625
      }
    },
    {
      "scene": "gates",
      "sp8": 6.580020904541016,
      "n": {
        "all": 17281,
        "decision": 4321,
        "straight": 8641
      },
      "y_fut:terrain": {
        "all": -0.10403126187432413,
        "decision": -2.032509356840593,
        "straight": 0.5065376238474731
      },
      "y_fut:blind": {
        "all": -0.1391307150253191,
        "decision": -2.281158426077767,
        "straight": 0.5405805173012382
      },
      "y_fut:gauss": {
        "all": 4.975419044494629,
        "decision": 5.739805698394775,
        "straight": 4.578222751617432
      },
      "y_resid:terrain": {
        "all": -0.39941861868028833,
        "decision": -1.98415615767744,
        "straight": 0.05293647404995082
      },
      "y_resid:blind": {
        "all": -0.2607417866267731,
        "decision": -1.3623291947890752,
        "straight": -0.03766324908876016
      },
      "y_resid:gauss": {
        "all": 5.403458118438721,
        "decision": 6.767435073852539,
        "straight": 4.64410400390625
      }
    }
  ],
  "summary": {
    "y_fut": {
      "all": {
        "terrain": 0.3304376170427758,
        "blind": 0.6925476088761816,
        "gauss": 5.585201859474182,
        "terrain_minus_blind": -0.3621099918334058,
        "terrain_minus_gauss": -5.254764242431406
      },
      "decision": {
        "terrain": -0.21929513214827945,
        "blind": 0.5979961300715856,
        "gauss": 6.981504678726196,
        "terrain_minus_blind": -0.817291262219865,
        "terrain_minus_gauss": -7.200799810874476
      },
      "straight": {
        "terrain": 0.38160904761247205,
        "blind": 0.3983497310584735,
        "gauss": 4.530971884727478,
        "terrain_minus_blind": -0.016740683446001436,
        "terrain_minus_gauss": -4.149362837115006
      }
    },
    "y_resid": {
      "all": {
        "terrain": 0.06560572294499083,
        "blind": 0.47226495336543234,
        "gauss": 6.202721953392029,
        "terrain_minus_blind": -0.4066592304204415,
        "terrain_minus_gauss": -6.137116230447038
      },
      "decision": {
        "terrain": -0.16628340891362264,
        "blind": 0.7993213791283953,
        "gauss": 8.43492305278778,
        "terrain_minus_blind": -0.965604788042018,
        "terrain_minus_gauss": -8.601206461701404
      },
      "straight": {
        "terrain": -0.015119332334916639,
        "blind": -0.030393327600883337,
        "gauss": 4.684499621391296,
        "terrain_minus_blind": 0.015273995265966699,
        "terrain_minus_gauss": -4.699618953726213
      }
    }
  },
  "cap": 12000,
  "epochs": 20,
  "dec_q": 75,
  "str_q": 50,
  "scenes": [
    "hyang",
    "little",
    "quad",
    "gates"
  ],
  "summary_sample_weighted": {
    "y_fut": {
      "straight": {
        "terrain": 0.6278304098063152,
        "blind": 0.6537294825997261,
        "gauss": 4.581262720688442,
        "terrain_minus_blind": -0.02589907279341086,
        "terrain_minus_gauss": -3.9534323108821265
      },
      "all": {
        "terrain": 0.22630329620964684,
        "blind": 0.3399377015002456,
        "gauss": 4.957316500078572,
        "terrain_minus_blind": -0.11363440529059876,
        "terrain_minus_gauss": -4.731013203868925
      },
      "decision": {
        "terrain": -0.6318677247069454,
        "blind": -0.27190594470417134,
        "gauss": 5.609152430996354,
        "terrain_minus_blind": -0.35996178000277407,
        "terrain_minus_gauss": -6.2410201557033
      }
    },
    "y_resid": {
      "straight": {
        "terrain": 0.27464180677975836,
        "blind": 0.1807510495013392,
        "gauss": 4.60125815890863,
        "terrain_minus_blind": 0.09389075727841917,
        "terrain_minus_gauss": -4.326616352128871
      },
      "all": {
        "terrain": 0.14510210485611466,
        "blind": 0.04851016989907141,
        "gauss": 5.505715533401755,
        "terrain_minus_blind": 0.09659193495704324,
        "terrain_minus_gauss": -5.360613428545641
      },
      "decision": {
        "terrain": -0.14486832096698812,
        "blind": -0.24647885218167886,
        "gauss": 7.081729468766127,
        "terrain_minus_blind": 0.10161053121469074,
        "terrain_minus_gauss": -7.226597789733115
      }
    }
  }
}